I,L,Q
0,1,64.0
0,2,52.0
0,1,52.0
0,2,9016.0
0,3,9016.0
0,2,9016.0
0,3,14478.0
1,4,0.0
0,3,14478.0
3,4,0.0
1,5,56.0
2,4,0.0
3,5,52.0
1,6,3270.0
2,5,27.0
3,6,1521.0
1,7,4844.0
2,6,2017.0
3,7,3009.0
1,8,7108.0
2,7,4231.0
3,8,5236.0
1,9,8028.0
2,8,6206.0
3,9,7465.0
1,10,9434.0
2,9,7827.0
3,10,8816.0
1,11,10661.0
2,10,10882.0
3,11,10799.0
1,12,11877.0
2,11,10123.0
3,12,11802.0
1,13,11877.0
2,12,8283.0
3,13,8621.0
1,14,11711.0
2,13,10363.0
3,14,8621.0
1,15,10715.0
2,14,10363.0
3,15,10043.0
1,16,13534.0
2,15,11406.0
3,16,12923.0
1,17,16260.0
3,17,14149.0
2,16,12395.0
1,18,16355.0
3,18,14149.0
2,17,7917.0
1,19,13132.0
3,19,11400.0
2,18,7917.0
1,20,14438.0
3,20,15464.0
2,19,11137.0
1,21,15777.0
3,21,16542.0
2,20,14095.0
1,22,17042.0
3,22,17255.0
2,21,13636.0
1,23,19409.0
3,23,17855.0
2,22,15847.0
1,24,20759.0
3,24,20512.0
2,23,17574.0
1,25,22052.0
3,25,20512.0
2,24,19512.0
1,26,22052.0
3,26,22259.0
2,25,20947.0
1,27,22865.0
3,27,23954.0
2,26,20947.0
1,28,24211.0
2,27,23731.0
3,28,25783.0
1,29,25339.0
3,29,28137.0
2,28,25729.0
1,30,27163.0
3,30,28954.0
2,29,28780.0
1,31,29068.0
3,31,30280.0
2,30,27872.0
1,32,31861.0
3,32,33146.0
2,31,29601.0
1,33,31861.0
3,33,33146.0
2,32,31242.0
1,34,32696.0
3,34,33153.0
2,33,31492.0
1,35,35142.0
3,35,35148.0
2,34,31492.0
1,36,36207.0
3,36,35695.0
2,35,33383.0
1,37,38080.0
3,37,37716.0
2,36,35391.0
1,38,42550.0
2,37,37614.0
3,38,40311.0
1,39,41098.0
3,39,40789.0
2,38,39920.0
1,40,43242.0
3,40,42423.0
2,39,39920.0
1,41,44956.0
3,41,42455.0
2,40,40190.0
1,42,43029.0
3,42,35644.0
2,41,39773.0
1,43,40205.0
3,43,42565.0
2,42,36316.0
1,44,43723.0
3,44,44384.0
2,43,41420.0
1,45,43723.0
3,45,44384.0
2,44,41808.0
1,46,46458.0
3,46,45371.0
2,45,42232.0
1,47,46903.0
3,47,47371.0
2,46,44745.0
1,48,47619.0
3,48,49947.0
2,47,44451.0
1,49,49084.0
3,49,51104.0
2,48,43840.0
1,50,51942.0
3,50,50526.0
2,49,45051.0
1,51,52810.0
3,51,51889.0
1,52,52923.0
2,50,46117.0
3,52,53535.0
1,53,54704.0
2,51,45332.0
3,53,55332.0
1,54,55207.0
2,52,45332.0
3,54,55332.0
1,55,55207.0
2,53,47285.0
3,55,56987.0
1,56,57163.0
2,54,49125.0
3,56,58594.0
2,55,47673.0
1,57,58723.0
3,57,59420.0
2,56,49840.0
1,58,58713.0
3,58,60431.0
1,59,67471.0
2,57,56349.0
3,59,65836.0
1,60,66244.0
2,58,57564.0
3,60,65836.0
3,61,66958.0
1,61,68552.0
2,59,59645.0
3,62,69037.0
1,62,69483.0
2,60,59645.0
1,63,69483.0
3,63,69107.0
2,61,34905.0
1,64,45994.0
3,64,49364.0
2,62,36572.0
1,65,47235.0
3,65,50352.0
2,63,37828.0
1,66,48076.0
3,66,52248.0
2,64,39920.0
1,67,53084.0
3,67,54040.0
2,65,41494.0
1,68,52334.0
3,68,56192.0
2,66,42839.0
1,69,54105.0
3,69,57491.0
2,67,43440.0
1,70,54519.0
3,70,58177.0
2,68,46402.0
1,71,56603.0
3,71,60556.0
2,69,42257.0
1,72,54882.0
3,72,57513.0
2,70,41425.0
1,73,54334.0
3,73,57513.0
2,71,44324.0
1,74,56536.0
3,74,56776.0
2,72,44324.0
1,75,56536.0
3,75,60196.0
2,73,44539.0
1,76,56252.0
3,76,60074.0
2,74,45410.0
1,77,58211.0
3,77,61640.0
2,75,46323.0
1,78,59279.0
3,78,61407.0
2,76,48776.0
1,79,61399.0
3,79,61407.0
2,77,50375.0
1,80,62391.0
3,80,65021.0
2,78,52848.0
1,81,62391.0
3,81,66254.0
2,79,54306.0
3,82,68765.0
1,82,64463.0
2,80,54306.0
1,83,66639.0
3,83,70895.0
2,81,56529.0
1,84,68522.0
3,84,72837.0
2,82,57762.0
3,85,74768.0
1,85,70783.0
2,83,58647.0
3,86,74768.0
1,86,71572.0
2,84,61299.0
3,87,76001.0
1,87,73999.0
2,85,61717.0
3,88,78524.0
1,88,75443.0
2,86,63572.0
1,89,75443.0
3,89,80366.0
2,87,65972.0
3,90,82121.0
1,90,79561.0
2,88,67626.0
3,91,82479.0
1,91,80504.0
2,89,67974.0
1,92,80504.0
3,92,87410.0
2,90,73548.0
1,93,87363.0
2,91,72472.0
1,94,84543.0
3,93,88204.0
2,92,73463.0
1,95,85434.0
3,94,89829.0
1,96,88291.0
3,95,89829.0
2,93,72428.0
1,97,87879.0
2,94,72428.0
3,96,95504.0
3,97,91958.0
1,98,82342.0
2,95,69297.0
3,98,90631.0
1,99,82342.0
2,96,68645.0
2,97,70389.0
1,100,87319.0
3,99,91266.0
2,98,72724.0
1,101,91018.0
3,100,85642.0
2,99,73879.0
1,102,92782.0
3,101,86676.0
3,102,87123.0
1,103,95052.0
2,100,74983.0
1,104,97092.0
2,101,76030.0
3,103,87123.0
1,105,97693.0
2,102,76565.0
3,104,89358.0
1,106,98858.0
2,103,76565.0
3,105,90512.0
1,107,98858.0
2,104,79357.0
3,106,92050.0
1,108,100513.0
3,107,94561.0
2,105,82624.0
1,109,101445.0
3,108,93873.0
2,106,83879.0
3,109,96279.0
2,107,84716.0
1,110,104576.0
3,110,97769.0
2,108,84716.0
1,111,106294.0
3,111,100513.0
2,109,86587.0
1,112,106294.0
3,112,100566.0
2,110,87404.0
1,113,108582.0
2,111,90002.0
3,113,102266.0
1,114,110073.0
2,112,91175.0
3,114,103450.0
1,115,110681.0
2,113,85143.0
3,115,103450.0
1,116,112058.0
2,114,85143.0
3,116,105733.0
1,117,114063.0
2,115,85845.0
3,117,103101.0
1,118,112411.0
2,116,85924.0
3,118,102543.0
1,119,112684.0
2,117,89776.0
3,119,102609.0
1,120,106933.0
3,120,105865.0
2,118,92287.0
1,121,106933.0
2,119,92774.0
3,121,107907.0
1,122,111563.0
2,120,94306.0
3,122,107901.0
1,123,113232.0
2,121,96705.0
3,123,107901.0
1,124,114027.0
2,122,96705.0
3,124,108883.0
1,125,115085.0
2,123,98720.0
3,125,110584.0
1,126,116666.0
2,124,101081.0
3,126,113556.0
1,127,118925.0
2,125,101902.0
3,127,114847.0
1,128,119660.0
2,126,104010.0
3,128,116208.0
1,129,119660.0
2,127,105347.0
3,129,119172.0
1,130,120419.0
2,128,107155.0
3,130,119172.0
1,131,122326.0
2,129,107155.0
3,131,120144.0
1,132,124534.0
2,130,108873.0
3,132,121621.0
1,133,125574.0
2,131,110223.0
3,133,123185.0
1,134,127798.0
3,134,124828.0
2,132,112161.0
1,135,129157.0
3,135,125920.0
2,133,114362.0
1,136,131874.0
2,134,114504.0
3,136,128133.0
1,137,133385.0
2,135,116532.0
3,137,129243.0
1,138,133385.0
2,136,118295.0
3,138,130686.0
1,139,133945.0
2,137,120649.0
3,139,130686.0
1,140,136609.0
2,138,120649.0
3,140,132447.0
1,141,136650.0
2,139,122347.0
3,141,135365.0
1,142,137828.0
2,140,123807.0
3,142,135688.0
1,143,140347.0
2,141,125279.0
3,143,138138.0
1,144,141168.0
2,142,127565.0
3,144,140124.0
1,145,141168.0
2,143,128804.0
3,145,140929.0
1,146,141228.0
2,144,129292.0
3,146,142018.0
1,147,145917.0
2,145,129870.0
3,147,142018.0
1,148,144965.0
2,146,129870.0
3,148,143004.0
1,149,145846.0
2,147,132027.0
3,149,144927.0
1,150,146749.0
2,148,133909.0
3,150,146224.0
1,151,149751.0
3,151,147737.0
2,149,135612.0
1,152,149751.0
2,150,136710.0
3,152,149796.0
1,153,150214.0
2,151,138969.0
3,153,150638.0
1,154,152139.0
2,152,138950.0
3,154,150638.0
1,155,153797.0
2,153,140942.0
3,155,153165.0
1,156,155631.0
2,154,140942.0
3,156,153165.0
1,157,157885.0
2,155,143325.0
3,157,155136.0
1,158,159964.0
2,156,145986.0
3,158,157117.0
1,159,161458.0
2,157,146617.0
1,160,163381.0
3,159,161922.0
2,158,148114.0
1,161,165544.0
3,160,162140.0
2,159,149614.0
1,162,167054.0
3,161,162140.0
2,160,151275.0
1,163,167054.0
3,162,163768.0
2,161,152402.0
1,164,168889.0
3,163,175800.0
1,165,173469.0
2,162,155082.0
2,163,155082.0
1,166,173469.0
2,164,155082.0
3,164,168897.0
1,167,173569.0
2,165,157138.0
3,165,170190.0
1,168,175856.0
2,166,160179.0
3,166,171677.0
1,169,177284.0
2,167,161494.0
3,167,173626.0
1,170,175979.0
2,168,160712.0
3,168,175376.0
1,171,175866.0
2,169,163394.0
3,169,175376.0
1,172,179060.0
2,170,163394.0
3,170,174022.0
1,173,179060.0
2,171,166132.0
3,171,177397.0
3,172,176935.0
1,174,180597.0
2,172,168583.0
2,173,169677.0
3,173,178307.0
1,175,182479.0
1,176,185259.0
2,174,167123.0
3,174,171649.0
2,175,166875.0
3,175,170414.0
1,177,181724.0
2,176,172894.0
3,176,175136.0
1,178,181923.0
1,179,186912.0
3,177,175136.0
2,177,171303.0
1,180,188458.0
2,178,160950.0
3,178,179452.0
1,181,185526.0
2,179,160950.0
3,179,165004.0
1,182,185526.0
2,180,173641.0
3,180,168582.0
1,183,184185.0
2,181,177792.0
3,181,169869.0
2,182,180729.0
1,184,190630.0
3,182,170104.0
2,183,181541.0
1,185,193285.0
3,183,172067.0
2,184,183508.0
1,186,193593.0
3,184,173653.0
2,185,184553.0
1,187,195261.0
3,185,175508.0
1,188,196561.0
2,186,186296.0
3,186,175508.0
1,189,197599.0
2,187,186296.0
3,187,177678.0
1,190,197599.0
2,188,188762.0
3,188,179115.0
1,191,198644.0
2,189,190006.0
3,189,181332.0
1,192,200459.0
2,190,191241.0
3,190,182316.0
2,191,193306.0
3,191,182677.0
1,193,201755.0
2,192,193402.0
3,192,185374.0
1,194,202250.0
3,193,185374.0
2,193,195753.0
1,195,204518.0
3,194,186597.0
2,194,197419.0
1,196,205465.0
2,195,197419.0
3,195,188207.0
1,197,207043.0
2,196,198635.0
3,196,188391.0
1,198,207043.0
2,197,199766.0
3,197,190306.0
1,199,209470.0
2,198,201058.0
3,198,192420.0
1,200,210505.0
2,199,202613.0
3,199,193216.0
1,201,212032.0
2,200,203743.0
1,202,212977.0
3,200,194080.0
2,201,205452.0
1,203,214768.0
3,201,194080.0
2,202,205452.0
3,202,195878.0
1,204,215337.0
2,203,207145.0
3,203,197699.0
1,205,215337.0
2,204,209046.0
3,204,199676.0
1,206,216951.0
1,207,219070.0
2,205,210942.0
3,205,200813.0
1,208,221119.0
3,206,202573.0
2,206,212114.0
2,207,213489.0
3,207,203841.0
1,209,222096.0
2,208,215464.0
3,208,205680.0
1,210,224584.0
2,209,216540.0
3,209,205680.0
1,211,225796.0
2,210,216540.0
3,210,208289.0
1,212,226954.0
2,211,219008.0
3,211,209211.0
1,213,228980.0
2,212,219650.0
3,212,211725.0
1,214,228980.0
1,215,229234.0
3,213,212671.0
2,213,221946.0
2,214,224223.0
3,214,214519.0
1,216,231149.0
2,215,224800.0
3,215,216595.0
1,217,233498.0
2,216,227095.0
3,216,218053.0
1,218,234623.0
3,217,218053.0
2,217,229197.0
1,219,236285.0
3,218,220934.0
2,218,231438.0
1,220,241503.0
3,219,220934.0
2,219,231773.0
1,221,240072.0
3,220,223361.0
2,220,231773.0
1,222,241244.0
3,221,223534.0
2,221,233438.0
1,223,243165.0
3,222,226505.0
2,222,234711.0
1,224,243165.0
3,223,228169.0
2,223,237767.0
1,225,244500.0
3,224,229967.0
2,224,239091.0
1,226,246274.0
2,225,240471.0
1,227,248691.0
3,225,230702.0
1,228,250001.0
2,226,241663.0
3,226,230702.0
1,229,252296.0
3,227,232458.0
2,227,242885.0
3,228,233647.0
1,230,253410.0
2,228,242885.0
3,229,235235.0
1,231,253410.0
2,229,243974.0
3,230,237638.0
1,232,254179.0
2,230,246788.0
1,233,256054.0
3,231,238851.0
2,231,248585.0
2,232,249914.0
3,232,240190.0
1,234,258517.0
1,235,259217.0
3,233,241665.0
2,233,251214.0
2,234,252239.0
3,234,241665.0
1,236,260372.0
1,237,261740.0
3,235,243258.0
2,235,254118.0
1,238,274555.0
2,236,262928.0
3,236,251759.0
1,239,265082.0
2,237,256831.0
3,237,247122.0
1,240,265717.0
2,238,257876.0
3,238,248731.0
1,241,266716.0
2,239,259090.0
3,239,250637.0
1,242,269945.0
2,240,270091.0
3,240,257311.0
1,243,269945.0
3,241,251895.0
2,241,259410.0
1,244,271515.0
3,242,255896.0
2,242,263640.0
1,245,273841.0
3,243,257711.0
2,243,265665.0
1,246,274534.0
2,244,267986.0
3,244,260993.0
1,247,277042.0
2,245,269703.0
3,245,260993.0
1,248,279512.0
2,246,269703.0
3,246,261288.0
1,249,281105.0
2,247,271138.0
3,247,261717.0
2,248,273294.0
1,250,282694.0
3,248,263884.0
2,249,274350.0
3,249,265063.0
1,251,285246.0
2,250,276442.0
1,252,285993.0
3,250,267481.0
1,253,285993.0
2,251,276442.0
3,251,268504.0
1,254,288955.0
2,252,278816.0
3,252,270880.0
1,255,288955.0
2,253,281272.0
3,253,272829.0
2,254,284791.0
1,256,290887.0
3,254,273915.0
3,255,271138.0
1,257,294149.0
2,255,285140.0
3,256,277341.0
1,258,295026.0
2,256,281648.0
3,257,276880.0
2,257,286633.0
1,259,293319.0
3,258,276880.0
2,258,286848.0
1,260,297249.0
2,259,286848.0
3,259,265685.0
1,261,298773.0
2,260,277043.0
1,262,287980.0
3,260,266645.0
3,261,266512.0
2,261,278365.0
1,263,288641.0
3,262,269925.0
2,262,277608.0
1,264,288641.0
3,263,265021.0
2,263,281374.0
1,265,288956.0
2,264,276123.0
3,264,267981.0
1,266,291038.0
2,265,277376.0
3,265,260211.0
1,267,287369.0
2,266,270033.0
3,266,257479.0
1,268,287884.0
2,267,266523.0
3,267,257479.0
1,269,283731.0
2,268,266523.0
3,268,258466.0
1,270,281176.0
2,269,269383.0
3,269,262762.0
1,271,281416.0
3,270,265154.0
2,270,274576.0
1,272,284798.0
2,271,275292.0
3,271,266838.0
1,273,284798.0
2,272,276405.0
3,272,263108.0
1,274,286702.0
3,273,267233.0
2,273,276718.0
1,275,287782.0
3,274,262726.0
2,274,278269.0
1,276,286144.0
3,275,265645.0
2,275,274900.0
1,277,286891.0
2,276,276375.0
3,276,265645.0
1,278,285074.0
1,279,287751.0
2,277,276375.0
3,277,265340.0
1,280,287751.0
2,278,276102.0
3,278,267105.0
1,281,286405.0
2,279,277991.0
3,279,269484.0
1,282,288686.0
2,280,280941.0
3,280,271058.0
2,281,280851.0
3,281,273335.0
1,283,290255.0
2,282,282534.0
3,282,274341.0
1,284,292557.0
2,283,284677.0
3,283,276242.0
1,285,292781.0
2,284,286803.0
3,284,276242.0
1,286,296127.0
2,285,288337.0
3,285,277952.0
1,287,296625.0
3,286,278048.0
1,288,297653.0
2,286,288337.0
3,287,280082.0
2,287,288868.0
1,289,299063.0
3,288,280405.0
2,288,290318.0
1,290,299947.0
2,289,290318.0
3,289,282249.0
1,291,300180.0
3,290,283614.0
1,292,300180.0
2,290,292387.0
3,291,284857.0
2,291,294710.0
1,293,301680.0
2,292,295374.0
3,292,286133.0
1,294,303479.0
3,293,289204.0
2,293,297244.0
1,295,304489.0
3,294,289632.0
1,296,306251.0
2,294,298831.0
3,295,289632.0
1,297,309094.0
2,295,300595.0
3,296,290457.0
1,298,310392.0
2,296,301435.0
3,297,292795.0
1,299,310914.0
2,297,301435.0
3,298,293960.0
1,300,310914.0
2,298,303096.0
1,301,313486.0
3,299,295040.0
2,299,304117.0
1,302,313486.0
3,300,295916.0
2,300,305669.0
1,303,315386.0
3,301,300395.0
2,301,307219.0
1,304,316584.0
3,302,300978.0
2,302,308111.0
3,303,301104.0
1,305,317026.0
2,303,310295.0
3,304,301807.0
1,306,319511.0
2,304,312409.0
1,307,321446.0
3,305,301807.0
2,305,312644.0
1,308,321446.0
3,306,304020.0
2,306,314344.0
1,309,324630.0
3,307,306259.0
2,307,317788.0
1,310,325144.0
3,308,307412.0
2,308,317788.0
1,311,327487.0
3,309,308588.0
2,309,318994.0
1,312,328981.0
3,310,310166.0
2,310,318994.0
1,313,328733.0
3,311,311747.0
2,311,321110.0
1,314,332040.0
3,312,313644.0
2,312,322599.0
1,315,332273.0
3,313,313106.0
2,313,324829.0
1,316,333576.0
3,314,315740.0
2,314,324691.0
1,317,334434.0
3,315,315740.0
2,315,325210.0
1,318,334434.0
2,316,326437.0
3,316,316745.0
1,319,337320.0
2,317,326437.0
3,317,314322.0
1,320,336383.0
2,318,324505.0
3,318,315560.0
1,321,334355.0
2,319,326376.0
3,319,317394.0
1,322,335704.0
2,320,327266.0
3,320,319446.0
1,323,338237.0
2,321,329691.0
3,321,321139.0
1,324,339618.0
2,322,331079.0
3,322,323294.0
1,325,342558.0
3,323,322908.0
2,323,332504.0
3,324,322908.0
1,326,342490.0
2,324,332866.0
3,325,325580.0
2,325,332866.0
1,327,344291.0
3,326,328115.0
1,328,345253.0
2,326,334553.0
3,327,329726.0
1,329,345253.0
2,327,336865.0
3,328,329949.0
2,328,339013.0
1,330,347531.0
3,329,327224.0
1,331,348592.0
2,329,341919.0
2,330,337578.0
3,330,331037.0
1,332,352993.0
1,333,349493.0
2,331,339792.0
3,331,332634.0
3,332,332634.0
2,332,340589.0
1,334,352791.0
2,333,340589.0
1,335,354218.0
3,333,333639.0
1,336,354602.0
2,334,343692.0
3,334,337237.0
3,335,337237.0
2,335,345336.0
1,337,356726.0
3,336,338939.0
1,338,357768.0
2,336,346885.0
3,337,339520.0
1,339,359329.0
2,337,346885.0
3,338,341999.0
1,340,359329.0
2,338,347249.0
1,341,361295.0
3,339,343265.0
2,339,347731.0
2,340,351506.0
3,340,339642.0
1,342,365238.0
1,343,363898.0
3,341,344602.0
2,341,346362.0
1,344,365279.0
3,342,345957.0
2,342,351869.0
3,343,348111.0
1,345,365279.0
2,343,354054.0
3,344,348863.0
1,346,366740.0
2,344,355326.0
1,347,369104.0
3,345,348138.0
2,345,356605.0
3,346,348138.0
2,346,357797.0
1,348,371047.0
3,347,348138.0
2,347,357797.0
1,349,371047.0
3,348,348138.0
1,350,371047.0
2,348,357797.0
3,349,355173.0
1,351,377130.0
2,349,363970.0
3,350,357806.0
1,352,375625.0
2,350,365870.0
3,351,359511.0
1,353,377597.0
2,351,369454.0
1,354,380164.0
3,352,360071.0
2,352,371094.0
3,353,360071.0
2,353,371038.0
1,355,380965.0
1,356,381351.0
3,354,362763.0
2,354,372133.0
3,355,369106.0
2,355,376720.0
1,357,386123.0
3,356,369106.0
2,356,378289.0
1,358,387226.0
3,357,370434.0
2,357,380621.0
1,359,388947.0
3,358,372276.0
2,358,380621.0
1,360,390407.0
3,359,372670.0
2,359,381396.0
1,361,392512.0
3,360,373195.0
2,360,383610.0
1,362,393192.0
3,361,376083.0
2,361,384278.0
1,363,393192.0
3,362,376498.0
2,362,385628.0
1,364,395271.0
3,363,370469.0
2,363,387731.0
1,365,396278.0
3,364,370469.0
2,364,382181.0
1,366,397374.0
3,365,374357.0
2,365,382181.0
1,367,393653.0
3,366,374357.0
2,366,382181.0
1,368,393653.0
3,367,374357.0
2,367,382181.0
1,369,393653.0
3,368,374357.0
2,368,382181.0
1,370,393653.0
2,369,382181.0
3,369,374357.0
1,371,393653.0
3,370,374357.0
2,370,382181.0
1,372,393653.0
3,371,374357.0
2,371,382181.0
1,373,393653.0
3,372,374357.0
2,372,382181.0
1,374,393653.0
3,373,374357.0
2,373,382181.0
1,375,393653.0
3,374,374357.0
2,374,382181.0
1,376,393653.0
3,375,374357.0
2,375,382181.0
1,377,393653.0
3,376,367850.0
2,376,395201.0
1,378,407507.0
3,377,367691.0
2,377,377863.0
1,379,405717.0
2,378,377542.0
3,378,369501.0
1,380,385874.0
3,379,369501.0
2,379,377235.0
1,381,387165.0
3,380,371145.0
2,380,380273.0
1,382,389293.0
3,381,372231.0
1,383,392391.0
2,381,381937.0
3,382,373355.0
1,384,392374.0
2,382,381937.0
3,383,374755.0
2,383,383499.0
1,385,392374.0
3,384,376070.0
1,386,394122.0
2,384,386050.0
3,385,375591.0
1,387,396216.0
2,385,387077.0
3,386,347513.0
1,388,396247.0
2,386,386862.0
3,387,347513.0
2,387,356664.0
1,389,397333.0
2,388,356664.0
3,388,347513.0
1,390,397333.0
3,389,347513.0
2,389,356664.0
1,391,397333.0
3,390,347513.0
2,390,356664.0
1,392,397333.0
3,391,347513.0
2,391,356664.0
1,393,397333.0
3,392,347513.0
1,394,397333.0
2,392,356664.0
3,393,347513.0
1,395,397333.0
2,393,356664.0
1,396,397333.0
3,394,347513.0
2,394,356664.0
1,397,397333.0
3,395,347513.0
2,395,356664.0
1,398,397333.0
3,396,347513.0
2,396,356664.0
1,399,397333.0
3,397,347513.0
2,397,356664.0
1,400,397333.0
3,398,347513.0
2,398,356664.0
1,401,397333.0
3,399,347513.0
2,399,356664.0
3,400,347513.0
1,402,397333.0
2,400,356664.0
1,403,397333.0
3,401,347513.0
2,401,356664.0
3,402,347513.0
1,404,397333.0
1,405,397333.0
2,402,380906.0
3,403,367398.0
3,404,369642.0
1,406,528456.0
2,403,378694.0
3,405,370838.0
1,407,385465.0
2,404,378530.0
3,406,370838.0
1,408,385877.0
2,405,380398.0
3,407,371752.0
1,409,388515.0
2,406,381007.0
3,408,373510.0
1,410,391002.0
2,407,381007.0
3,409,374418.0
1,411,391840.0
2,408,382359.0
3,410,374418.0
1,412,391840.0
2,409,382359.0
1,413,391840.0
3,411,374418.0
2,410,382359.0
3,412,374418.0
1,414,391840.0
2,411,382359.0
3,413,374418.0
1,415,391840.0
2,412,382359.0
1,416,391840.0
2,413,382359.0
3,414,374418.0
1,417,391840.0
2,414,382359.0
3,415,374418.0
1,418,391840.0
2,415,382359.0
3,416,374418.0
2,416,382359.0
1,419,391840.0
3,417,374418.0
3,418,374418.0
1,420,391840.0
2,417,382359.0
3,419,374418.0
1,421,391840.0
2,418,382359.0
1,422,391840.0
3,420,374418.0
2,419,382359.0
2,420,382359.0
1,423,391840.0
3,421,374418.0
3,422,374418.0
2,421,382359.0
1,424,391840.0
3,423,374418.0
1,425,391840.0
2,422,382359.0
3,424,374418.0
2,423,382359.0
1,426,391840.0
2,424,382359.0
3,425,374418.0
1,427,391840.0
2,425,382359.0
3,426,374418.0
1,428,391840.0
2,426,382359.0
3,427,374418.0
1,429,391840.0
1,430,391840.0
2,427,382359.0
3,428,374418.0
1,431,391840.0
2,428,382359.0
3,429,374418.0
1,432,391840.0
3,430,374418.0
2,429,382359.0
1,433,391840.0
3,431,374418.0
2,430,382359.0
1,434,391840.0
2,431,382359.0
3,432,374418.0
3,433,383004.0
1,435,453274.0
2,432,392085.0
3,434,383004.0
1,436,453274.0
2,433,392085.0
1,437,453274.0
2,434,392085.0
3,435,383004.0
1,438,453274.0
2,435,392085.0
3,436,383004.0
2,436,392085.0
3,437,383004.0
1,439,453274.0
1,440,453274.0
2,437,392085.0
3,438,383004.0
1,441,453274.0
3,439,383004.0
2,438,392085.0
1,442,453274.0
2,439,392085.0
3,440,383004.0
1,443,453274.0
2,440,392085.0
3,441,383004.0
1,444,453274.0
2,441,392085.0
3,442,383004.0
1,445,453274.0
3,443,383004.0
2,442,392085.0
1,446,453274.0
2,443,392085.0
3,444,383004.0
1,447,453274.0
3,445,383004.0
2,444,392085.0
1,448,453274.0
3,446,383004.0
2,445,392085.0
1,449,453274.0
3,447,383004.0
2,446,392085.0
1,450,453274.0
2,447,392085.0
3,448,383004.0
1,451,453274.0
2,448,392085.0
3,449,383004.0
1,452,453274.0
2,449,392085.0
3,450,383004.0
1,453,453274.0
2,450,392085.0
3,451,383004.0
1,454,453274.0
2,451,392085.0
3,452,383004.0
3,453,383004.0
1,455,453274.0
2,452,392085.0
1,456,453274.0
2,453,392085.0
3,454,383004.0
3,455,383004.0
1,457,453274.0
2,454,392085.0
3,456,383004.0
1,458,453274.0
2,455,392085.0
1,459,453274.0
2,456,392085.0
3,457,383004.0
1,460,453274.0
2,457,392085.0
3,458,383004.0
1,461,453274.0
2,458,392085.0
3,459,383004.0
1,462,453274.0
2,459,392085.0
3,460,383004.0
1,463,453274.0
2,460,392085.0
3,461,383004.0
1,464,453274.0
3,462,435024.0
2,461,705626.0
1,465,453274.0
3,463,408863.0
2,462,409681.0
1,466,695693.0
3,464,408863.0
2,463,409681.0
1,467,695693.0
3,465,408863.0
2,464,409681.0
1,468,695693.0
3,466,408863.0
2,465,409681.0
1,469,695693.0
3,467,408863.0
2,466,409681.0
1,470,695693.0
3,468,408863.0
2,467,409681.0
1,471,695693.0
3,469,408863.0
2,468,409681.0
1,472,695693.0
2,469,409681.0
3,470,408863.0
1,473,695693.0
2,470,409681.0
3,471,408863.0
1,474,695693.0
2,471,409681.0
3,472,408863.0
1,475,695693.0
3,473,408863.0
2,472,409681.0
1,476,695693.0
2,473,409681.0
3,474,408863.0
3,475,408863.0
1,477,695693.0
2,474,409681.0
1,478,695693.0
2,475,409681.0
3,476,408863.0
1,479,695693.0
2,476,409681.0
3,477,408863.0
1,480,695693.0
2,477,409681.0
3,478,408863.0
1,481,695693.0
3,479,408863.0
2,478,409681.0
1,482,695693.0
3,480,408863.0
2,479,409681.0
1,483,695693.0
2,480,409681.0
3,481,408863.0
3,482,408863.0
1,484,695693.0
2,481,409681.0
2,482,409681.0
3,483,408863.0
1,485,695693.0
1,486,695693.0
2,483,409681.0
3,484,408863.0
1,487,695693.0
2,484,409681.0
3,485,408863.0
1,488,695693.0
3,486,408863.0
2,485,409681.0
1,489,695693.0
3,487,408863.0
2,486,409681.0
1,490,695693.0
3,488,408863.0
2,487,409681.0
1,491,695693.0
3,489,408863.0
2,488,409681.0
3,490,408863.0
1,492,695693.0
2,489,409681.0
3,491,564960.0
1,493,695693.0
2,490,409681.0
3,492,446578.0
1,494,854231.0
2,491,448688.0
3,493,446578.0
1,495,854231.0
2,492,448688.0
1,496,854231.0
3,494,446578.0
2,493,448688.0
1,497,854231.0
3,495,446578.0
2,494,448688.0
3,496,446578.0
1,498,854231.0
2,495,448688.0
3,497,446578.0
1,499,854231.0
2,496,448688.0
1,500,854231.0
3,498,446578.0
2,497,448688.0
1,501,854231.0
2,498,448688.0
3,499,446578.0
1,502,854231.0
3,500,446578.0
3,501,446578.0
1,503,854231.0
2,499,448688.0
3,502,446578.0
1,504,854231.0
2,500,448688.0
1,505,854231.0
3,503,446578.0
2,501,448688.0
1,506,854231.0
3,504,446578.0
2,502,448688.0
1,507,854231.0
2,503,448688.0
3,505,446578.0
1,508,854231.0
3,506,446578.0
2,504,448688.0
1,509,854231.0
2,505,448688.0
3,507,446578.0
1,510,854231.0
3,508,446578.0
2,506,448688.0
3,509,446578.0
1,511,854231.0
2,507,448688.0
2,508,448688.0
3,510,446578.0
1,512,854231.0
2,509,448688.0
3,511,446578.0
1,513,854231.0
1,514,854231.0
3,512,446578.0
2,510,448688.0
1,515,854231.0
3,513,446578.0
2,511,448688.0
1,516,854231.0
3,514,446578.0
2,512,448688.0
1,517,854231.0
3,515,446578.0
2,513,448688.0
1,518,854231.0
3,516,903295.0
2,514,448688.0
3,517,425048.0
1,519,854231.0
2,515,791805.0
2,516,791805.0
3,518,425048.0
1,520,854231.0
2,517,791805.0
3,519,425048.0
1,521,854231.0
2,518,791805.0
3,520,425048.0
1,522,854231.0
2,519,791805.0
3,521,425048.0
1,523,854231.0
3,522,425048.0
1,524,854231.0
2,520,791805.0
3,523,425048.0
1,525,854231.0
2,521,791805.0
1,526,854231.0
3,524,425048.0
2,522,791805.0
2,523,791805.0
3,525,425048.0
1,527,854231.0
1,528,854231.0
3,526,425048.0
2,524,791805.0
2,525,791805.0
3,527,425048.0
1,529,854231.0
3,528,425048.0
2,526,791805.0
1,530,854231.0
3,529,425048.0
2,527,791805.0
1,531,854231.0
3,530,425048.0
2,528,791805.0
1,532,854231.0
3,531,425048.0
2,529,791805.0
1,533,854231.0
3,532,425048.0
2,530,791805.0
1,534,854231.0
2,531,791805.0
3,533,425048.0
1,535,854231.0
2,532,791805.0
3,534,425048.0
1,536,854231.0
3,535,425048.0
2,533,791805.0
1,537,854231.0
3,536,425048.0
2,534,791805.0
1,538,854231.0
3,537,425048.0
2,535,791805.0
1,539,854231.0
3,538,121406.0
2,536,688842.0
1,540,854231.0
3,539,121406.0
2,537,688842.0
1,541,854231.0
3,540,121406.0
2,538,688842.0
1,542,854231.0
2,539,688842.0
3,541,121406.0
1,543,854231.0
1,544,854231.0
3,542,121406.0
2,540,688842.0
1,545,854231.0
3,543,121406.0
2,541,688842.0
1,546,854231.0
3,544,121406.0
2,542,688842.0
3,545,121406.0
1,547,854231.0
2,543,688842.0
3,546,121406.0
1,548,854231.0
2,544,688842.0
3,547,121406.0
1,549,854231.0
2,545,688842.0
1,550,854231.0
2,546,688842.0
3,548,121406.0
3,549,121406.0
2,547,688842.0
1,551,854231.0
1,552,854231.0
2,548,688842.0
3,550,121406.0
2,549,688842.0
3,551,121406.0
1,553,854231.0
3,552,121406.0
2,550,688842.0
1,554,854231.0
2,551,688842.0
3,553,121406.0
1,555,854231.0
3,554,121406.0
2,552,688842.0
1,556,854231.0
3,555,121406.0
1,557,854231.0
2,553,688842.0
3,556,121406.0
1,558,854231.0
2,554,688842.0
2,555,688842.0
3,557,121406.0
1,559,854231.0
2,556,688842.0
3,558,121406.0
1,560,854231.0
3,559,121406.0
2,557,688842.0
1,561,854231.0
3,560,121406.0
2,558,688842.0
1,562,854231.0
3,561,121406.0
2,559,688842.0
1,563,854231.0
2,560,688842.0
3,562,22030.0
1,564,854231.0
3,563,940.0
2,561,751212.0
1,565,854231.0
3,564,940.0
2,562,610305.0
1,566,854231.0
3,565,940.0
1,567,854231.0
2,563,610305.0
3,566,940.0
1,568,854231.0
2,564,610305.0
3,567,940.0
1,569,854231.0
2,565,610305.0
3,568,940.0
1,570,854231.0
2,566,610305.0
3,569,940.0
1,571,854231.0
2,567,610305.0
3,570,940.0
2,568,610305.0
1,572,854231.0
3,571,940.0
1,573,854231.0
2,569,610305.0
1,574,854231.0
3,572,940.0
2,570,610305.0
1,575,854231.0
3,573,940.0
2,571,610305.0
3,574,940.0
1,576,854231.0
2,572,610305.0
3,575,940.0
1,577,854231.0
2,573,610305.0
3,576,940.0
1,578,854231.0
2,574,610305.0
1,579,854231.0
3,577,940.0
2,575,610305.0
1,580,854231.0
3,578,940.0
2,576,610305.0
1,581,854231.0
3,579,940.0
2,577,610305.0
1,582,854231.0
3,580,940.0
2,578,610305.0
3,581,940.0
1,583,854231.0
2,579,610305.0
3,582,940.0
1,584,854231.0
2,580,610305.0
2,581,610305.0
3,583,940.0
1,585,854231.0
2,582,610305.0
3,584,940.0
1,586,854231.0
1,587,854231.0
2,583,610305.0
3,585,940.0
3,586,298018.0
1,588,854231.0
2,584,610305.0
1,589,854231.0
3,587,14508.0
2,585,128800.0
1,590,854231.0
3,588,14508.0
2,586,128800.0
1,591,854231.0
3,589,14508.0
2,587,128800.0
1,592,854231.0
3,590,14508.0
2,588,128800.0
1,593,854231.0
3,591,14508.0
2,589,128800.0
1,594,854231.0
3,592,14508.0
2,590,128800.0
1,595,854231.0
3,593,14508.0
2,591,128800.0
1,596,854231.0
3,594,14508.0
2,592,128800.0
3,595,14508.0
1,597,854231.0
2,593,128800.0
1,598,854231.0
3,596,14508.0
2,594,128800.0
1,599,854231.0
2,595,128800.0
3,597,14508.0
1,600,854231.0
2,596,128800.0
3,598,14508.0
1,601,854231.0
2,597,128800.0
3,599,14508.0
1,602,854231.0
2,598,128800.0
3,600,14508.0
1,603,854231.0
2,599,128800.0
3,601,14508.0
2,600,128800.0
1,604,854231.0
3,602,14508.0
2,601,128800.0
3,603,14508.0
1,605,854231.0
1,606,854231.0
2,602,128800.0
3,604,14508.0
1,607,854231.0
2,603,128800.0
3,605,14508.0
1,608,854231.0
3,606,14508.0
2,604,128800.0
3,607,14508.0
1,609,854231.0
2,605,128800.0
1,610,854231.0
2,606,128800.0
3,608,14508.0
1,611,854231.0
2,607,128800.0
3,609,14508.0
1,612,854231.0
3,610,14508.0
2,608,128800.0
1,613,854231.0
2,609,128800.0
3,611,14508.0
1,614,854231.0
2,610,128800.0
3,612,14508.0
1,615,854231.0
2,611,128800.0
3,613,14508.0
2,612,128800.0
1,616,854231.0
3,614,14508.0
1,617,854231.0
2,613,128800.0
3,615,14508.0
2,614,128800.0
1,618,854231.0
3,616,14508.0
2,615,128800.0
1,619,854231.0
3,617,14508.0
2,616,128800.0
3,618,363395.0
1,620,854231.0
2,617,69619.0
3,619,37887.0
1,621,854231.0
2,618,69619.0
3,620,37887.0
1,622,854231.0
2,619,69619.0
1,623,854231.0
3,621,37887.0
2,620,69619.0
1,624,854231.0
3,622,37887.0
1,625,854231.0
2,621,69619.0
3,623,37887.0
2,622,69619.0
1,626,854231.0
3,624,37887.0
2,623,69619.0
1,627,854231.0
3,625,37887.0
2,624,69619.0
1,628,854231.0
3,626,37887.0
2,625,69619.0
1,629,854231.0
3,627,37887.0
2,626,69619.0
3,628,37887.0
1,630,854231.0
2,627,69619.0
1,631,854231.0
3,629,37887.0
2,628,69619.0
1,632,854231.0
3,630,37887.0
2,629,69619.0
1,633,854231.0
3,631,37887.0
2,630,69619.0
1,634,854231.0
3,632,37887.0
2,631,69619.0
1,635,854231.0
3,633,37887.0
2,632,69619.0
1,636,854231.0
3,634,37887.0
2,633,69619.0
1,637,854231.0
3,635,37887.0
1,638,854231.0
2,634,69619.0
3,636,37887.0
1,639,854231.0
2,635,69619.0
3,637,37887.0
1,640,854231.0
2,636,69619.0
3,638,37887.0
1,641,854231.0
3,639,37887.0
2,637,69619.0
1,642,854231.0
3,640,37887.0
2,638,69619.0
1,643,854231.0
2,639,69619.0
3,641,37887.0
1,644,854231.0
2,640,69619.0
3,642,37887.0
1,645,854231.0
3,643,37887.0
2,641,69619.0
1,646,854231.0
2,642,69619.0
3,644,37887.0
1,647,854231.0
2,643,69619.0
3,645,37887.0
2,644,69619.0
3,646,37887.0
1,648,854231.0
2,645,69619.0
3,647,37887.0
1,649,854231.0
2,646,80049.0
3,648,68183.0
1,650,3080021.0
2,647,80049.0
3,649,68183.0
1,651,3080021.0
2,648,80049.0
3,650,68183.0
1,652,3080021.0
2,649,80049.0
3,651,68183.0
1,653,3080021.0
2,650,80049.0
3,652,68183.0
1,654,3080021.0
2,651,80049.0
3,653,68183.0
1,655,3080021.0
2,652,80049.0
3,654,68183.0
1,656,3080021.0
3,655,68183.0
2,653,80049.0
1,657,3080021.0
2,654,80049.0
3,656,68183.0
1,658,3080021.0
2,655,80049.0
3,657,68183.0
1,659,3080021.0
2,656,179438.0
3,658,90837.0
1,660,3080021.0
2,657,137198.0
3,659,78499.0
1,661,3080021.0
3,660,78499.0
2,658,137198.0
1,662,3080021.0
3,661,78499.0
2,659,137198.0
1,663,3080021.0
3,662,78499.0
1,664,3080021.0
2,660,137198.0
2,661,137198.0
3,663,78499.0
1,665,3080021.0
2,662,137198.0
3,664,78499.0
1,666,3080021.0
2,663,137198.0
3,665,78499.0
1,667,3080021.0
2,664,137198.0
3,666,78499.0
1,668,3080021.0
2,665,137198.0
3,667,78499.0
1,669,3080021.0
2,666,137198.0
3,668,78499.0
1,670,3080021.0
2,667,137198.0
3,669,78499.0
1,671,3080021.0
3,670,78499.0
2,668,137198.0
1,672,3080021.0
3,671,78499.0
2,669,137198.0
1,673,3080021.0
3,672,78499.0
2,670,137198.0
1,674,3080021.0
3,673,78499.0
2,671,137198.0
1,675,3080021.0
3,674,78499.0
2,672,137198.0
1,676,3080021.0
3,675,78499.0
2,673,137198.0
1,677,3080021.0
2,674,137198.0
3,676,78499.0
1,678,3080021.0
2,675,137198.0
3,677,78499.0
1,679,3080021.0
2,676,137198.0
3,678,78499.0
1,680,3080021.0
2,677,137198.0
3,679,78499.0
1,681,3080021.0
2,678,137198.0
3,680,78499.0
1,682,3080021.0
2,679,137198.0
3,681,78499.0
1,683,3080021.0
2,680,137198.0
3,682,78499.0
1,684,3080021.0
2,681,137198.0
3,683,78499.0
1,685,3080021.0
2,682,137198.0
3,684,78499.0
1,686,3080021.0
2,683,137198.0
3,685,78499.0
1,687,3080021.0
2,684,137198.0
3,686,78499.0
1,688,3080021.0
2,685,137198.0
3,687,78499.0
1,689,3080021.0
2,686,137198.0
3,688,78499.0
1,690,3080021.0
2,687,137198.0
3,689,78499.0
2,688,137198.0
1,691,3080021.0
3,690,127379.0
2,689,422176.0
3,691,116332.0
1,692,3441131.0
2,690,122061.0
1,693,3208438.0
3,692,116332.0
2,691,122061.0
1,694,3208438.0
3,693,116332.0
2,692,122061.0
1,695,3208438.0
3,694,116332.0
2,693,122061.0
1,696,3208438.0
3,695,116332.0
2,694,122061.0
3,696,116332.0
1,697,3208438.0
2,695,122061.0
3,697,116332.0
1,698,3208438.0
2,696,122061.0
1,699,3208438.0
3,698,116332.0
2,697,122061.0
1,700,3208438.0
3,699,116332.0
2,698,122061.0
1,701,3208438.0
3,700,116332.0
2,699,122061.0
1,702,3208438.0
3,701,116332.0
2,700,122061.0
1,703,3208438.0
3,702,116332.0
2,701,122061.0
1,704,3208438.0
3,703,116332.0
2,702,122061.0
1,705,3208438.0
3,704,116332.0
2,703,122061.0
1,706,3208438.0
3,705,116332.0
2,704,122061.0
1,707,3208438.0
2,705,122061.0
3,706,116332.0
1,708,3208438.0
2,706,122061.0
3,707,116332.0
2,707,122061.0
1,709,3208438.0
3,708,116332.0
1,710,3208438.0
2,708,122061.0
3,709,116332.0
2,709,122061.0
1,711,3208438.0
3,710,116332.0
1,712,3208438.0
2,710,122061.0
3,711,116332.0
1,713,3208438.0
2,711,122061.0
3,712,116332.0
1,714,3208438.0
2,712,122061.0
3,713,116332.0
1,715,3208438.0
2,713,122061.0
3,714,116332.0
1,716,3208438.0
2,714,122061.0
3,715,116332.0
1,717,3208438.0
2,715,122061.0
3,716,116332.0
1,718,3215439.0
2,716,158675.0
3,717,136773.0
1,719,3215439.0
2,717,158675.0
3,718,136773.0
2,718,158675.0
1,720,3215439.0
3,719,136773.0
1,721,3215439.0
2,719,158675.0
3,720,136773.0
2,720,158675.0
1,722,3215439.0
3,721,136773.0
2,721,158675.0
1,723,3215439.0
3,722,136773.0
1,724,3215439.0
2,722,158675.0
3,723,136773.0
1,725,3215439.0
2,723,158675.0
3,724,136773.0
1,726,3215439.0
2,724,158675.0
3,725,136773.0
1,727,3215439.0
2,725,158675.0
3,726,136773.0
1,728,3215439.0
2,726,158675.0
3,727,136773.0
2,727,158675.0
1,729,3215439.0
3,728,136773.0
2,728,158675.0
1,730,3215439.0
3,729,136773.0
2,729,158675.0
1,731,3215439.0
3,730,136773.0
1,732,3215439.0
2,730,158675.0
3,731,136773.0
1,733,3215439.0
2,731,158675.0
3,732,136773.0
1,734,3215439.0
2,732,158675.0
3,733,136773.0
2,733,158675.0
1,735,3215439.0
3,734,136773.0
1,736,3215439.0
2,734,158675.0
3,735,136773.0
2,735,158675.0
1,737,3215439.0
3,736,136773.0
1,738,3215439.0
2,736,158675.0
3,737,136773.0
1,739,3215439.0
2,737,158675.0
3,738,136773.0
2,738,158675.0
1,740,3215439.0
3,739,136773.0
2,739,158675.0
1,741,3215439.0
3,740,136773.0
2,740,158675.0
1,742,3215439.0
3,741,136773.0
2,741,158675.0
1,743,3215439.0
3,742,170900.0
1,744,939885.0
2,742,183435.0
3,743,170900.0
1,745,939885.0
2,743,183435.0
3,744,170900.0
1,746,939885.0
2,744,183435.0
3,745,170900.0
1,747,939885.0
2,745,183435.0
3,746,170900.0
1,748,939885.0
2,746,183435.0
3,747,170900.0
1,749,939885.0
2,747,183435.0
3,748,170900.0
1,750,939885.0
2,748,183435.0
3,749,170900.0
1,751,939885.0
3,750,170900.0
2,749,183435.0
1,752,939885.0
3,751,170900.0
2,750,183435.0
1,753,939885.0
3,752,170900.0
2,751,183435.0
1,754,939885.0
3,753,170900.0
2,752,183435.0
1,755,939885.0
2,753,183435.0
3,754,170900.0
1,756,939885.0
2,754,183435.0
3,755,170900.0
1,757,939885.0
2,755,183435.0
3,756,170900.0
1,758,939885.0
2,756,183435.0
3,757,170900.0
1,759,939885.0
2,757,183435.0
3,758,170900.0
1,760,939885.0
2,758,183435.0
3,759,170900.0
1,761,939885.0
2,759,183435.0
3,760,170900.0
1,762,939885.0
2,760,183435.0
3,761,170900.0
1,763,939885.0
2,761,183435.0
3,762,170900.0
1,764,939885.0
2,762,183435.0
3,763,170900.0
1,765,939885.0
2,763,183435.0
3,764,170900.0
1,766,939885.0
2,764,183435.0
3,765,170900.0
1,767,939885.0
2,765,183435.0
3,766,170900.0
1,768,939885.0
2,766,183435.0
3,767,170900.0
1,769,939885.0
2,767,183435.0
3,768,170900.0
1,770,939885.0
2,768,183435.0
3,769,170900.0
1,771,939885.0
3,770,170900.0
2,769,183435.0
1,772,939885.0
2,770,183435.0
3,771,170900.0
1,773,939885.0
3,772,170900.0
2,771,183435.0
1,774,939885.0
2,772,198589.0
3,773,184393.0
1,775,1206663.0
2,773,198589.0
3,774,184393.0
1,776,1206663.0
3,775,184393.0
2,774,198589.0
1,777,1206663.0
2,775,198589.0
3,776,184393.0
1,778,1206663.0
2,776,198589.0
3,777,184393.0
1,779,1206663.0
2,777,198589.0
3,778,184393.0
1,780,1206663.0
2,778,198589.0
3,779,184393.0
2,779,198589.0
3,780,184393.0
1,781,1206663.0
2,780,198589.0
3,781,184393.0
1,782,1206663.0
2,781,198589.0
3,782,184393.0
1,783,1206663.0
2,782,198589.0
3,783,184393.0
1,784,1206663.0
2,783,198589.0
3,784,184393.0
1,785,1206663.0
2,784,198589.0
3,785,184393.0
1,786,1206663.0
2,785,198589.0
3,786,184393.0
1,787,1206663.0
2,786,198589.0
3,787,184393.0
1,788,1206663.0
2,787,198589.0
3,788,184393.0
1,789,1206663.0
2,788,198589.0
3,789,184393.0
1,790,1206663.0
2,789,198589.0
3,790,184393.0
1,791,1206663.0
2,790,198589.0
3,791,184393.0
1,792,1206663.0
2,791,198589.0
3,792,184393.0
1,793,1206663.0
2,792,198589.0
3,793,184393.0
1,794,1206663.0
3,794,184393.0
2,793,198589.0
1,795,1206663.0
3,795,184393.0
2,794,198589.0
1,796,1206663.0
3,796,184393.0
2,795,198589.0
1,797,1206663.0
3,797,431971.0
2,796,198589.0
1,798,1206663.0
3,798,372262.0
2,797,198589.0
1,799,1206663.0
3,799,201782.0
2,798,220262.0
1,800,1118813.0
3,800,201782.0
2,799,220262.0
1,801,1118813.0
3,801,201782.0
2,800,220262.0
1,802,1118813.0
3,802,201782.0
2,801,220262.0
1,803,1118813.0
3,803,201782.0
2,802,220262.0
1,804,1118813.0
3,804,201782.0
2,803,220262.0
1,805,1118813.0
3,805,201782.0
2,804,220262.0
1,806,1118813.0
3,806,201782.0
1,807,1118813.0
2,805,220262.0
3,807,201782.0
2,806,220262.0
1,808,1118813.0
3,808,201782.0
2,807,220262.0
1,809,1118813.0
3,809,201782.0
2,808,220262.0
1,810,1118813.0
3,810,201782.0
2,809,220262.0
1,811,1118813.0
3,811,201782.0
2,810,220262.0
1,812,1118813.0
1,813,1118813.0
2,811,220262.0
3,812,201782.0
1,814,1118813.0
3,813,201782.0
2,812,220262.0
1,815,1118813.0
2,813,220262.0
3,814,201782.0
1,816,1118813.0
3,815,201782.0
2,814,220262.0
1,817,1118813.0
2,815,220262.0
3,816,201782.0
1,818,1118813.0
2,816,220262.0
3,817,201782.0
1,819,1118813.0
2,817,220262.0
3,818,201782.0
1,820,1118813.0
2,818,220262.0
3,819,201782.0
1,821,1118813.0
2,819,220262.0
3,820,201782.0
1,822,1118813.0
2,820,220262.0
3,821,201782.0
1,823,1118813.0
2,821,220262.0
3,822,201782.0
2,822,220262.0
1,824,1118813.0
3,823,201782.0
3,824,201782.0
2,823,220262.0
1,825,1118813.0
3,825,201782.0
2,824,220262.0
1,826,1118813.0
2,825,220262.0
3,826,201782.0
1,827,1118813.0
2,826,220262.0
1,828,1118813.0
3,827,201782.0
1,829,1242072.0
2,827,249303.0
3,828,236872.0
1,830,1242072.0
2,828,249303.0
3,829,236872.0
1,831,1242072.0
2,829,249303.0
3,830,236872.0
1,832,1242072.0
2,830,249303.0
3,831,236872.0
1,833,1242072.0
2,831,249303.0
3,832,236872.0
1,834,1242072.0
2,832,249303.0
3,833,236872.0
1,835,1242072.0
3,834,236872.0
2,833,249303.0
1,836,1242072.0
3,835,236872.0
2,834,249303.0
1,837,1242072.0
3,836,236872.0
2,835,249303.0
1,838,1242072.0
3,837,236872.0
2,836,249303.0
1,839,1242072.0
3,838,236872.0
2,837,249303.0
1,840,1242072.0
3,839,236872.0
2,838,249303.0
1,841,1242072.0
3,840,236872.0
2,839,249303.0
1,842,1242072.0
2,840,249303.0
3,841,236872.0
1,843,1242072.0
2,841,249303.0
3,842,236872.0
1,844,1242072.0
2,842,249303.0
3,843,236872.0
1,845,1242072.0
2,843,249303.0
3,844,236872.0
1,846,1242072.0
2,844,249303.0
3,845,236872.0
1,847,1242072.0
2,845,249303.0
3,846,236872.0
1,848,1242072.0
3,847,236872.0
2,846,249303.0
3,848,236872.0
1,849,1242072.0
2,847,249303.0
1,850,1242072.0
3,849,236872.0
2,848,249303.0
1,851,1242072.0
3,850,236872.0
2,849,249303.0
1,852,1242072.0
3,851,236872.0
2,850,249303.0
1,853,1242072.0
3,852,236872.0
2,851,249303.0
1,854,1242072.0
3,853,236872.0
2,852,249303.0
1,855,1242072.0
3,854,449276.0
2,853,249303.0
1,856,1183064.0
3,855,261322.0
2,854,286522.0
1,857,1183064.0
3,856,261322.0
2,855,286522.0
1,858,1183064.0
3,857,261322.0
2,856,286522.0
1,859,1183064.0
3,858,261322.0
2,857,286522.0
1,860,1183064.0
3,859,261322.0
2,858,286522.0
1,861,1183064.0
3,860,261322.0
2,859,286522.0
1,862,1183064.0
3,861,261322.0
2,860,286522.0
1,863,1183064.0
3,862,261322.0
2,861,286522.0
1,864,1183064.0
3,863,261322.0
2,862,286522.0
3,864,261322.0
2,863,286522.0
1,865,1183064.0
3,865,261322.0
2,864,286522.0
1,866,1183064.0
3,866,261322.0
2,865,286522.0
1,867,1183064.0
3,867,261322.0
1,868,1183064.0
2,866,286522.0
1,869,1183064.0
3,868,261322.0
2,867,286522.0
3,869,261322.0
1,870,1183064.0
2,868,286522.0
3,870,261322.0
1,871,1183064.0
2,869,286522.0
3,871,261322.0
1,872,1183064.0
2,870,286522.0
3,872,261322.0
1,873,1183064.0
2,871,286522.0
3,873,261322.0
2,872,286522.0
1,874,1183064.0
3,874,261322.0
2,873,286522.0
1,875,1183064.0
3,875,261322.0
1,876,1183064.0
2,874,286522.0
3,876,261322.0
1,877,1183064.0
2,875,286522.0
2,876,286522.0
3,877,261322.0
1,878,1183064.0
1,879,1183064.0
2,877,286522.0
3,878,261322.0
3,879,261322.0
1,880,1183064.0
2,878,286522.0
2,879,286522.0
3,880,261322.0
1,881,1183064.0
1,882,1183064.0
2,880,286522.0
3,881,261322.0
2,881,286522.0
3,882,261322.0
1,883,1183064.0
3,883,288071.0
1,884,1393743.0
2,882,301039.0
3,884,288071.0
1,885,1393743.0
2,883,301039.0
1,886,1393743.0
2,884,301039.0
3,885,288071.0
1,887,1393743.0
2,885,301039.0
3,886,288071.0
1,888,1393743.0
3,887,288071.0
2,886,301039.0
2,887,301039.0
1,889,1393743.0
3,888,288071.0
1,890,1393743.0
2,888,301039.0
3,889,288071.0
3,890,288071.0
1,891,1393743.0
2,889,301039.0
3,891,288071.0
1,892,1393743.0
2,890,301039.0
3,892,288071.0
2,891,301039.0
1,893,1393743.0
3,893,288071.0
2,892,301039.0
1,894,1393743.0
2,893,301039.0
3,894,288071.0
1,895,1393743.0
3,895,288071.0
2,894,301039.0
1,896,1393743.0
3,896,288071.0
1,897,1393743.0
2,895,301039.0
3,897,288071.0
1,898,1393743.0
2,896,301039.0
3,898,288071.0
2,897,301039.0
1,899,1393743.0
3,899,288071.0
2,898,301039.0
1,900,1393743.0
3,900,288071.0
1,901,1393743.0
2,899,301039.0
3,901,288071.0
1,902,1393743.0
2,900,301039.0
3,902,288071.0
2,901,301039.0
1,903,1393743.0
3,903,288071.0
1,904,1393743.0
2,902,301039.0
3,904,288071.0
2,903,301039.0
1,905,1393743.0
3,905,288071.0
1,906,1393743.0
2,904,301039.0
3,906,288071.0
2,905,301039.0
1,907,1393743.0
3,907,288071.0
1,908,1393743.0
2,906,301039.0
3,908,288071.0
1,909,1393743.0
2,907,301039.0
3,909,288071.0
1,910,1393743.0
2,908,301039.0
1,911,1393743.0
3,910,305432.0
2,909,466692.0
1,912,1393743.0
3,911,305432.0
2,910,324901.0
1,913,1303714.0
3,912,305432.0
2,911,324901.0
1,914,1303714.0
3,913,305432.0
2,912,324901.0
3,914,305432.0
1,915,1303714.0
2,913,324901.0
3,915,305432.0
1,916,1303714.0
2,914,324901.0
2,915,324901.0
1,917,1303714.0
3,916,305432.0
3,917,305432.0
2,916,324901.0
1,918,1303714.0
3,918,305432.0
2,917,324901.0
1,919,1303714.0
3,919,305432.0
2,918,324901.0
1,920,1303714.0
3,920,305432.0
2,919,324901.0
1,921,1303714.0
3,921,305432.0
2,920,324901.0
1,922,1303714.0
3,922,305432.0
2,921,324901.0
1,923,1303714.0
3,923,305432.0
1,924,1303714.0
2,922,324901.0
1,925,1303714.0
2,923,324901.0
3,924,305432.0
1,926,1303714.0
2,924,324901.0
3,925,305432.0
3,926,305432.0
1,927,1303714.0
2,925,324901.0
3,927,305432.0
2,926,324901.0
1,928,1303714.0
3,928,305432.0
1,929,1303714.0
2,927,324901.0
1,930,1303714.0
2,928,324901.0
3,929,305432.0
3,930,305432.0
1,931,1303714.0
2,929,324901.0
3,931,305432.0
2,930,324901.0
1,932,1303714.0
3,932,305432.0
2,931,324901.0
1,933,1303714.0
3,933,305432.0
2,932,324901.0
1,934,1303714.0
3,934,305432.0
1,935,1303714.0
2,933,324901.0
3,935,305432.0
1,936,1303714.0
2,934,324901.0
1,937,1303714.0
3,936,305432.0
2,935,324901.0
1,938,1303714.0
2,936,324901.0
3,937,305432.0
1,939,1596321.0
2,937,326749.0
3,938,308762.0
2,938,326749.0
3,939,308762.0
1,940,1266505.0
2,939,326749.0
3,940,308762.0
1,941,1266505.0
2,940,326749.0
1,942,1266505.0
3,941,308762.0
2,941,326749.0
1,943,1266505.0
3,942,308762.0
2,942,326749.0
1,944,1266505.0
3,943,308762.0
2,943,326749.0
3,944,308762.0
1,945,1266505.0
3,945,308762.0
2,944,326749.0
1,946,1266505.0
1,947,1266505.0
2,945,326749.0
3,946,308762.0
1,948,1266505.0
2,946,326749.0
3,947,308762.0
2,947,326749.0
1,949,1266505.0
3,948,308762.0
1,950,1266505.0
2,948,326749.0
3,949,308762.0
2,949,326749.0
1,951,1266505.0
3,950,308762.0
1,952,1266505.0
2,950,326749.0
3,951,308762.0
1,953,1266505.0
3,952,308762.0
2,951,326749.0
2,952,326749.0
1,954,1266505.0
3,953,308762.0
2,953,326749.0
1,955,1266505.0
3,954,308762.0
2,954,326749.0
1,956,1266505.0
3,955,308762.0
1,957,1266505.0
2,955,326749.0
3,956,308762.0
1,958,1266505.0
2,956,326749.0
3,957,308762.0
1,959,1266505.0
3,958,308762.0
2,957,326749.0
3,959,308762.0
1,960,1266505.0
2,958,326749.0
3,960,308762.0
1,961,1266505.0
2,959,326749.0
1,962,1266505.0
2,960,326749.0
3,961,308762.0
3,962,308762.0
1,963,1266505.0
2,961,326749.0
3,963,308762.0
1,964,1266505.0
2,962,326749.0
2,963,326749.0
3,964,308762.0
1,965,1266505.0
3,965,308762.0
1,966,1266505.0
2,964,326749.0
3,966,308762.0
1,967,1266505.0
2,965,326749.0
3,967,308762.0
2,966,326749.0
1,968,1266505.0
1,969,1266505.0
2,967,326749.0
3,968,372408.0
2,968,363184.0
3,969,350775.0
1,970,1440938.0
2,969,363184.0
3,970,350775.0
1,971,1440938.0
2,970,363184.0
3,971,350775.0
1,972,1440938.0
2,971,363184.0
3,972,350775.0
1,973,1440938.0
1,974,1440938.0
2,972,363184.0
3,973,350775.0
1,975,1440938.0
2,973,363184.0
3,974,350775.0
3,975,350775.0
2,974,363184.0
1,976,1440938.0
1,977,1440938.0
2,975,363184.0
3,976,350775.0
2,976,363184.0
3,977,350775.0
1,978,1440938.0
2,977,363184.0
3,978,350775.0
1,979,1440938.0
2,978,363184.0
1,980,1440938.0
3,979,350775.0
2,979,363184.0
3,980,350775.0
1,981,1440938.0
3,981,350775.0
2,980,363184.0
1,982,1440938.0
3,982,350775.0
1,983,1440938.0
2,981,363184.0
2,982,363184.0
3,983,350775.0
1,984,1440938.0
2,983,363184.0
3,984,350775.0
1,985,1440938.0
3,985,350775.0
2,984,363184.0
1,986,1440938.0
3,986,350775.0
2,985,363184.0
1,987,1440938.0
3,987,350775.0
2,986,363184.0
1,988,1440938.0
2,987,363184.0
3,988,350775.0
1,989,1440938.0
2,988,363184.0
3,989,350775.0
1,990,1440938.0
2,989,363184.0
3,990,350775.0
1,991,1440938.0
3,991,350775.0
2,990,363184.0
1,992,1440938.0
2,991,363184.0
3,992,350775.0
1,993,1440938.0
2,992,363184.0
3,993,350775.0
1,994,1440938.0
3,994,350775.0
2,993,363184.0
1,995,1440938.0
2,994,363184.0
3,995,350775.0
1,996,1440938.0
2,995,363184.0
3,996,350775.0
1,997,1440938.0
2,996,363184.0
3,997,584257.0
1,998,1440938.0
2,997,402707.0
3,998,390423.0
1,999,1503224.0
2,998,402707.0
3,999,390423.0
1,1000,1503224.0
2,999,402707.0
3,1000,390423.0
2,1000,402707.0
